[{"DocumentTypeId":"IT.AINA.Invoice","Keywords":[{"Values":["invoice"],"NumberOfTimesConfirmed":1,"LastUpdated":"2023-10-23T13:08:46.4510335+05:30"},{"Values":["billed to"],"NumberOfTimesConfirmed":1,"LastUpdated":"2023-10-23T13:08:46.4510491+05:30"}]},{"DocumentTypeId":"IT.AINA.Receipts","Keywords":[{"Values":["party name"],"NumberOfTimesConfirmed":1,"LastUpdated":"2023-10-22T19:47:20.4770439+05:30"},{"Values":["bill"],"NumberOfTimesConfirmed":1,"LastUpdated":"2023-10-22T19:47:20.4770446+05:30"}]}]
