﻿{
  "DataContractVersion": "1.1",
  "DocumentTypes": [
    {
      "DocumentTypeId": "IT.AINA.Receipts",
      "Group": "IT",
      "Category": "AINA",
      "Name": "Receipts",
      "OptionalUniqueIdentifier": "",
      "TypeField": {
        "FieldId": "IT.AINA.Receipts.DocumentType",
        "FieldName": "Document Type"
      },
      "Fields": [
        {
          "FieldId": "IT.AINA.Receipts.InvoiceNumber",
          "FieldName": "Invoice Number ",
          "IsMultiValue": false,
          "Type": "Text",
          "DeriveFieldsFormat": "",
          "Components": [],
          "SetValues": [],
          "Metadata": [
            {
              "Key": "Color",
              "Value": "#038a18"
            },
            {
              "Key": "Hotkey",
              "Value": "v"
            }
          ],
          "RuleSet": null,
          "DefaultValue": ""
        },
        {
          "FieldId": "IT.AINA.Receipts.BilledtoDate",
          "FieldName": "Billed to Date",
          "IsMultiValue": false,
          "Type": "Date",
          "DeriveFieldsFormat": "",
          "Components": [],
          "SetValues": [],
          "Metadata": [
            {
              "Key": "Color",
              "Value": "#fa6616"
            },
            {
              "Key": "Hotkey",
              "Value": "l"
            }
          ],
          "RuleSet": null,
          "DefaultValue": ""
        },
        {
          "FieldId": "IT.AINA.Receipts.TotalAmount",
          "FieldName": "Total Amount",
          "IsMultiValue": false,
          "Type": "Number",
          "DeriveFieldsFormat": "",
          "Components": [],
          "SetValues": [],
          "Metadata": [
            {
              "Key": "Color",
              "Value": "#8a97a0"
            },
            {
              "Key": "Hotkey",
              "Value": "a"
            }
          ],
          "RuleSet": null,
          "DefaultValue": ""
        }
      ]
    },
    {
      "DocumentTypeId": "IT.AINA.Invoice",
      "Group": "IT",
      "Category": "AINA",
      "Name": "Invoice",
      "OptionalUniqueIdentifier": "",
      "TypeField": {
        "FieldId": "IT.AINA.Invoice.DocumentType",
        "FieldName": "Document Type"
      },
      "Fields": [
        {
          "FieldId": "IT.AINA.Invoice.InvoiceNumber",
          "FieldName": "Invoice Number",
          "IsMultiValue": false,
          "Type": "Text",
          "DeriveFieldsFormat": "",
          "Components": [],
          "SetValues": [],
          "Metadata": [
            {
              "Key": "Color",
              "Value": "#038a18"
            },
            {
              "Key": "Hotkey",
              "Value": "v"
            }
          ],
          "RuleSet": null,
          "DefaultValue": ""
        },
        {
          "FieldId": "IT.AINA.Invoice.BilledTo",
          "FieldName": "Billed To",
          "IsMultiValue": false,
          "Type": "Text",
          "DeriveFieldsFormat": "",
          "Components": [],
          "SetValues": [],
          "Metadata": [
            {
              "Key": "Color",
              "Value": "#fa6616"
            },
            {
              "Key": "Hotkey",
              "Value": "l"
            }
          ],
          "RuleSet": null,
          "DefaultValue": ""
        },
        {
          "FieldId": "IT.AINA.Invoice.AmountDue",
          "FieldName": "Amount Due",
          "IsMultiValue": false,
          "Type": "Number",
          "DeriveFieldsFormat": "",
          "Components": [],
          "SetValues": [],
          "Metadata": [
            {
              "Key": "Color",
              "Value": "#8a97a0"
            },
            {
              "Key": "Hotkey",
              "Value": "a"
            }
          ],
          "RuleSet": null,
          "DefaultValue": ""
        }
      ]
    }
  ],
  "Groups": [
    {
      "Name": "IT",
      "Categories": [
        "AINA"
      ]
    }
  ],
  "SupportedLanguages": [
    {
      "Name": "Undetermined Language",
      "Code": "und"
    },
    {
      "Name": "Bulgarian",
      "Code": "bul"
    },
    {
      "Name": "Cantonese",
      "Code": "yue"
    },
    {
      "Name": "Danish",
      "Code": "dan"
    },
    {
      "Name": "Dutch",
      "Code": "nld"
    },
    {
      "Name": "English",
      "Code": "eng"
    },
    {
      "Name": "French",
      "Code": "fra"
    },
    {
      "Name": "Georgian",
      "Code": "kat"
    },
    {
      "Name": "German",
      "Code": "deu"
    },
    {
      "Name": "Greek",
      "Code": "ell"
    },
    {
      "Name": "Hebrew",
      "Code": "heb"
    },
    {
      "Name": "Hindi",
      "Code": "hin"
    },
    {
      "Name": "Italian",
      "Code": "ita"
    },
    {
      "Name": "Japanese",
      "Code": "jpn"
    },
    {
      "Name": "Korean",
      "Code": "kor"
    },
    {
      "Name": "Macedonian",
      "Code": "mkd"
    },
    {
      "Name": "Mandarin",
      "Code": "zho"
    },
    {
      "Name": "Marathi",
      "Code": "mar"
    },
    {
      "Name": "Norwegian",
      "Code": "nor"
    },
    {
      "Name": "Polish",
      "Code": "pol"
    },
    {
      "Name": "Portuguese",
      "Code": "por"
    },
    {
      "Name": "Romanian",
      "Code": "ron"
    },
    {
      "Name": "Russian",
      "Code": "rus"
    },
    {
      "Name": "Serbian",
      "Code": "srp"
    },
    {
      "Name": "Spanish",
      "Code": "spa"
    },
    {
      "Name": "Swedish",
      "Code": "swe"
    },
    {
      "Name": "Telugu",
      "Code": "tel"
    },
    {
      "Name": "Turkish",
      "Code": "tur"
    }
  ]
}