{"DocumentId":"Receipt1","ContentType":"image/png","Length":384,"Pages":[{"PageIndex":0,"Size":[0.0,0.0,684.0,694.0],"Sections":[{"IndexInText":0,"Language":"und","Length":4,"Rotation":"None","SkewAngle":-0.1,"Type":"Paragraph","WordGroups":[{"IndexInText":0,"Length":4,"Type":"Other","Words":[{"Box":[8.0,311.0,60.0,19.0],"Polygon":[311.0,8.0,371.0,8.0,371.0,27.0,311.0,27.0],"IndexInText":0,"OcrConfidence":1.0,"Text":"BILL","VisualLineNumber":0,"TextType":"Unknown"}]}]},{"IndexInText":6,"Language":"nor","Length":98,"Rotation":"None","SkewAngle":-0.1,"Type":"Table","WordGroups":[{"IndexInText":6,"Length":7,"Type":"TableCell","Words":[{"Box":[33.0,100.0,28.0,20.0],"Polygon":[100.0,33.0,128.0,33.0,128.0,53.0,100.0,53.0],"IndexInText":6,"OcrConfidence":1.0,"Text":"Bill","VisualLineNumber":1,"TextType":"Unknown"},{"Box":[34.0,133.0,27.0,19.0],"Polygon":[133.0,34.0,160.0,34.0,160.0,53.0,133.0,53.0],"IndexInText":11,"OcrConfidence":1.0,"Text":"No","VisualLineNumber":1,"TextType":"Unknown"}]},{"IndexInText":16,"Length":7,"Type":"TableRowEnd","Words":[{"Box":[37.0,183.0,7.0,17.0],"Polygon":[183.0,37.0,190.0,37.0,190.0,54.0,183.0,54.0],"IndexInText":16,"OcrConfidence":1.0,"Text":":","VisualLineNumber":1,"TextType":"Unknown"},{"Box":[35.0,196.0,58.0,19.0],"Polygon":[196.0,35.0,254.0,35.0,254.0,54.0,196.0,54.0],"IndexInText":18,"OcrConfidence":1.0,"Text":"18925","VisualLineNumber":1,"TextType":"Unknown"}]},{"IndexInText":39,"Length":4,"Type":"TableCell","Words":[{"Box":[58.0,100.0,47.0,19.0],"Polygon":[100.0,58.0,147.0,58.0,147.0,77.0,100.0,77.0],"IndexInText":39,"OcrConfidence":1.0,"Text":"Date","VisualLineNumber":2,"TextType":"Unknown"}]},{"IndexInText":49,"Length":22,"Type":"TableRowEnd","Words":[{"Box":[62.0,189.0,7.0,16.0],"Polygon":[189.0,62.0,196.0,62.0,196.0,78.0,189.0,78.0],"IndexInText":49,"OcrConfidence":1.0,"Text":":","VisualLineNumber":2,"TextType":"Unknown"},{"Box":[59.0,201.0,114.0,19.0],"Polygon":[201.0,59.0,315.0,59.0,315.0,78.0,201.0,78.0],"IndexInText":51,"OcrConfidence":1.0,"Text":"Jun-26-2021","VisualLineNumber":2,"TextType":"Unknown"},{"Box":[57.0,321.0,81.0,20.0],"Polygon":[321.0,57.0,402.0,57.0,402.0,77.0,321.0,77.0],"IndexInText":63,"OcrConfidence":1.0,"Text":"12:58:27","VisualLineNumber":2,"TextType":"Unknown"}]},{"IndexInText":72,"Length":4,"Type":"TableCell","Words":[{"Box":[83.0,101.0,43.0,19.0],"Polygon":[101.0,83.0,144.0,83.0,144.0,102.0,101.0,102.0],"IndexInText":72,"OcrConfidence":1.0,"Text":"User","VisualLineNumber":3,"TextType":"Unknown"}]},{"IndexInText":82,"Length":9,"Type":"TableRowEnd","Words":[{"Box":[86.0,186.0,7.0,16.0],"Polygon":[186.0,86.0,193.0,86.0,193.0,102.0,186.0,102.0],"IndexInText":82,"OcrConfidence":1.0,"Text":":","VisualLineNumber":3,"TextType":"Unknown"},{"Box":[82.0,199.0,53.0,23.0],"Polygon":[199.0,82.0,252.0,82.0,252.0,105.0,199.0,105.0],"IndexInText":84,"OcrConfidence":0.98999995,"Text":"billing","VisualLineNumber":3,"TextType":"Unknown"}]}]},{"IndexInText":106,"Language":"eng","Length":23,"Rotation":"None","SkewAngle":-0.1,"Type":"Paragraph","WordGroups":[{"IndexInText":106,"Length":23,"Type":"Other","Words":[{"Box":[107.0,101.0,58.0,23.0],"Polygon":[101.0,107.0,159.0,107.0,159.0,130.0,101.0,130.0],"IndexInText":106,"OcrConfidence":1.0,"Text":"Party","VisualLineNumber":4,"TextType":"Unknown"},{"Box":[107.0,164.0,61.0,19.0],"Polygon":[164.0,107.0,225.0,107.0,225.0,126.0,164.0,126.0],"IndexInText":112,"OcrConfidence":1.0,"Text":"Name","VisualLineNumber":4,"TextType":"Unknown"},{"Box":[110.0,230.0,7.0,16.0],"Polygon":[230.0,110.0,237.0,110.0,237.0,126.0,230.0,126.0],"IndexInText":117,"OcrConfidence":1.0,"Text":":","VisualLineNumber":4,"TextType":"Unknown"},{"Box":[105.0,241.0,126.0,21.0],"Polygon":[241.0,105.0,367.0,105.0,367.0,126.0,241.0,126.0],"IndexInText":119,"OcrConfidence":1.0,"Text":"WalkInCash","VisualLineNumber":4,"TextType":"Unknown"}]}]},{"IndexInText":131,"Language":"eng","Length":17,"Rotation":"None","SkewAngle":-0.1,"Type":"Paragraph","WordGroups":[{"IndexInText":131,"Length":17,"Type":"Heading","Words":[{"Box":[156.0,100.0,55.0,20.0],"Polygon":[100.0,156.0,155.0,156.0,155.0,176.0,100.0,176.0],"IndexInText":131,"OcrConfidence":1.0,"Text":"Item","VisualLineNumber":5,"TextType":"Unknown"},{"Box":[181.0,114.0,39.0,23.0],"Polygon":[114.0,181.0,153.0,181.0,153.0,204.0,114.0,204.0],"IndexInText":136,"OcrConfidence":1.0,"Text":"Qty","VisualLineNumber":7,"TextType":"Unknown"},{"Box":[179.0,226.0,48.0,20.0],"Polygon":[226.0,179.0,274.0,179.0,274.0,199.0,226.0,199.0],"IndexInText":140,"OcrConfidence":1.0,"Text":"MRP","VisualLineNumber":6,"TextType":"Unknown"},{"Box":[177.0,340.0,49.0,20.0],"Polygon":[340.0,177.0,389.0,177.0,389.0,197.0,340.0,197.0],"IndexInText":144,"OcrConfidence":1.0,"Text":"Rate","VisualLineNumber":6,"TextType":"Unknown"}]}]},{"IndexInText":150,"Language":"eng","Length":62,"Rotation":"None","SkewAngle":-0.1,"Type":"Paragraph","WordGroups":[{"IndexInText":150,"Length":62,"Type":"Other","Words":[{"Box":[230.0,100.0,60.0,20.0],"Polygon":[100.0,230.0,160.0,230.0,160.0,250.0,100.0,250.0],"IndexInText":150,"OcrConfidence":1.0,"Text":"Water","VisualLineNumber":8,"TextType":"Unknown"},{"Box":[228.0,163.0,55.0,21.0],"Polygon":[163.0,228.0,218.0,228.0,218.0,249.0,163.0,249.0],"IndexInText":156,"OcrConfidence":1.0,"Text":"Bisleri","VisualLineNumber":8,"TextType":"Unknown"},{"Box":[255.0,128.0,12.0,19.0],"Polygon":[128.0,255.0,140.0,255.0,140.0,274.0,128.0,274.0],"IndexInText":164,"OcrConfidence":1.0,"Text":"1","VisualLineNumber":10,"TextType":"Unknown"},{"Box":[251.0,201.0,55.0,21.0],"Polygon":[201.0,251.0,256.0,251.0,256.0,272.0,201.0,272.0],"IndexInText":166,"OcrConfidence":1.0,"Text":"85.00","VisualLineNumber":9,"TextType":"Unknown"},{"Box":[249.0,314.0,54.0,20.0],"Polygon":[314.0,249.0,368.0,249.0,368.0,269.0,314.0,269.0],"IndexInText":172,"OcrConfidence":1.0,"Text":"85.00","VisualLineNumber":9,"TextType":"Unknown"},{"Box":[278.0,100.0,60.0,21.0],"Polygon":[100.0,278.0,160.0,278.0,160.0,299.0,100.0,299.0],"IndexInText":178,"OcrConfidence":1.0,"Text":"Water","VisualLineNumber":11,"TextType":"Unknown"},{"Box":[276.0,164.0,74.0,25.0],"Polygon":[164.0,276.0,238.0,276.0,238.0,301.0,164.0,301.0],"IndexInText":184,"OcrConfidence":1.0,"Text":"Delivery","VisualLineNumber":11,"TextType":"Unknown"},{"Box":[274.0,241.0,75.0,25.0],"Polygon":[241.0,274.0,316.0,274.0,316.0,299.0,241.0,299.0],"IndexInText":193,"OcrConfidence":1.0,"Text":"Charges","VisualLineNumber":11,"TextType":"Unknown"},{"Box":[304.0,129.0,12.0,19.0],"Polygon":[129.0,304.0,141.0,304.0,141.0,323.0,129.0,323.0],"IndexInText":201,"OcrConfidence":1.0,"Text":"1","VisualLineNumber":13,"TextType":"Unknown"},{"Box":[300.0,208.0,43.0,21.0],"Polygon":[208.0,300.0,251.0,300.0,251.0,321.0,208.0,321.0],"IndexInText":203,"OcrConfidence":1.0,"Text":"5.00","VisualLineNumber":12,"TextType":"Unknown"},{"Box":[298.0,316.0,42.0,20.0],"Polygon":[316.0,298.0,358.0,298.0,358.0,318.0,316.0,318.0],"IndexInText":208,"OcrConfidence":1.0,"Text":"5.00","VisualLineNumber":12,"TextType":"Unknown"}]}]},{"IndexInText":214,"Language":"eng","Length":19,"Rotation":"None","SkewAngle":-0.1,"Type":"Paragraph","WordGroups":[{"IndexInText":214,"Length":19,"Type":"Other","Words":[{"Box":[376.0,103.0,36.0,23.0],"Polygon":[103.0,376.0,139.0,376.0,139.0,399.0,103.0,399.0],"IndexInText":214,"OcrConfidence":0.98999995,"Text":"Bill","VisualLineNumber":14,"TextType":"Unknown"},{"Box":[374.0,141.0,88.0,24.0],"Polygon":[141.0,374.0,229.0,374.0,229.0,398.0,141.0,398.0],"IndexInText":219,"OcrConfidence":1.0,"Text":"Amount","VisualLineNumber":14,"TextType":"Unknown"},{"Box":[376.0,269.0,8.0,17.0],"Polygon":[269.0,376.0,277.0,376.0,277.0,393.0,269.0,393.0],"IndexInText":226,"OcrConfidence":1.0,"Text":":","VisualLineNumber":14,"TextType":"Unknown"},{"Box":[370.0,318.0,61.0,22.0],"Polygon":[318.0,370.0,379.0,370.0,379.0,392.0,318.0,392.0],"IndexInText":228,"OcrConfidence":1.0,"Text":"90.00","VisualLineNumber":14,"TextType":"Unknown"}]}]},{"IndexInText":235,"Language":"nld","Length":14,"Rotation":"None","SkewAngle":-0.1,"Type":"Paragraph","WordGroups":[{"IndexInText":235,"Length":14,"Type":"Other","Words":[{"Box":[424.0,102.0,91.0,26.0],"Polygon":[102.0,424.0,193.0,424.0,193.0,450.0,102.0,450.0],"IndexInText":235,"OcrConfidence":0.79999995,"Text":"G.Total:","VisualLineNumber":15,"TextType":"Unknown"},{"Box":[420.0,247.0,63.0,24.0],"Polygon":[247.0,424.0,308.0,420.0,310.0,440.0,248.0,444.0],"IndexInText":244,"OcrConfidence":0.87,"Text":"90,00","VisualLineNumber":15,"TextType":"Unknown"}]}]},{"IndexInText":251,"Language":"eng","Length":88,"Rotation":"None","SkewAngle":-0.1,"Type":"Paragraph","WordGroups":[{"IndexInText":251,"Length":88,"Type":"Other","Words":[{"Box":[477.0,101.0,51.0,22.0],"Polygon":[101.0,477.0,152.0,477.0,152.0,499.0,101.0,499.0],"IndexInText":251,"OcrConfidence":1.0,"Text":"Total","VisualLineNumber":17,"TextType":"Unknown"},{"Box":[475.0,155.0,46.0,22.0],"Polygon":[155.0,475.0,201.0,475.0,201.0,497.0,155.0,497.0],"IndexInText":257,"OcrConfidence":1.0,"Text":"Item","VisualLineNumber":16,"TextType":"Unknown"},{"Box":[475.0,250.0,7.0,18.0],"Polygon":[250.0,475.0,257.0,475.0,257.0,493.0,250.0,493.0],"IndexInText":262,"OcrConfidence":1.0,"Text":":","VisualLineNumber":16,"TextType":"Unknown"},{"Box":[468.0,317.0,43.0,22.0],"Polygon":[317.0,468.0,360.0,468.0,360.0,490.0,317.0,490.0],"IndexInText":264,"OcrConfidence":0.98999995,"Text":"2.00","VisualLineNumber":16,"TextType":"Unknown"},{"Box":[502.0,102.0,50.0,23.0],"Polygon":[102.0,502.0,152.0,502.0,152.0,525.0,102.0,525.0],"IndexInText":269,"OcrConfidence":1.0,"Text":"Total","VisualLineNumber":19,"TextType":"Unknown"},{"Box":[501.0,155.0,36.0,25.0],"Polygon":[155.0,501.0,191.0,501.0,191.0,526.0,155.0,526.0],"IndexInText":275,"OcrConfidence":1.0,"Text":"Qty","VisualLineNumber":19,"TextType":"Unknown"},{"Box":[500.0,245.0,7.0,18.0],"Polygon":[245.0,500.0,252.0,500.0,252.0,518.0,245.0,518.0],"IndexInText":279,"OcrConfidence":1.0,"Text":":","VisualLineNumber":18,"TextType":"Unknown"},{"Box":[493.0,311.0,44.0,22.0],"Polygon":[311.0,493.0,355.0,493.0,355.0,515.0,311.0,515.0],"IndexInText":281,"OcrConfidence":1.0,"Text":"2.00","VisualLineNumber":18,"TextType":"Unknown"},{"Box":[526.0,104.0,83.0,26.0],"Polygon":[104.0,526.0,187.0,526.0,187.0,552.0,104.0,552.0],"IndexInText":286,"OcrConfidence":1.0,"Text":"Payment","VisualLineNumber":21,"TextType":"Unknown"},{"Box":[523.0,188.0,49.0,26.0],"Polygon":[188.0,523.0,237.0,523.0,237.0,549.0,188.0,549.0],"IndexInText":294,"OcrConfidence":1.0,"Text":"Type","VisualLineNumber":21,"TextType":"Unknown"},{"Box":[524.0,273.0,6.0,18.0],"Polygon":[273.0,524.0,279.0,524.0,279.0,542.0,273.0,542.0],"IndexInText":299,"OcrConfidence":1.0,"Text":":","VisualLineNumber":21,"TextType":"Unknown"},{"Box":[516.0,339.0,46.0,23.0],"Polygon":[339.0,516.0,385.0,516.0,385.0,539.0,339.0,539.0],"IndexInText":301,"OcrConfidence":1.0,"Text":"Cash","VisualLineNumber":20,"TextType":"Unknown"},{"Box":[576.0,105.0,47.0,21.0],"Polygon":[105.0,576.0,152.0,576.0,152.0,597.0,105.0,597.0],"IndexInText":306,"OcrConfidence":1.0,"Text":"Cash","VisualLineNumber":23,"TextType":"Unknown"},{"Box":[573.0,156.0,41.0,22.0],"Polygon":[156.0,573.0,197.0,573.0,197.0,595.0,156.0,595.0],"IndexInText":311,"OcrConfidence":0.56,"Text":"Pald","VisualLineNumber":22,"TextType":"Unknown"},{"Box":[573.0,252.0,7.0,19.0],"Polygon":[252.0,573.0,259.0,573.0,259.0,592.0,252.0,592.0],"IndexInText":316,"OcrConfidence":1.0,"Text":":","VisualLineNumber":22,"TextType":"Unknown"},{"Box":[565.0,308.0,65.0,24.0],"Polygon":[308.0,569.0,372.0,565.0,373.0,586.0,309.0,589.0],"IndexInText":318,"OcrConfidence":0.91999996,"Text":"100.00","VisualLineNumber":22,"TextType":"Unknown"},{"Box":[599.0,107.0,66.0,22.0],"Polygon":[107.0,599.0,173.0,599.0,173.0,621.0,107.0,621.0],"IndexInText":325,"OcrConfidence":1.0,"Text":"Refund","VisualLineNumber":25,"TextType":"Unknown"},{"Box":[599.0,247.0,7.0,17.0],"Polygon":[247.0,599.0,254.0,599.0,254.0,616.0,247.0,616.0],"IndexInText":332,"OcrConfidence":1.0,"Text":":","VisualLineNumber":24,"TextType":"Unknown"},{"Box":[591.0,309.0,54.0,23.0],"Polygon":[309.0,591.0,363.0,591.0,363.0,614.0,309.0,614.0],"IndexInText":334,"OcrConfidence":1.0,"Text":"10.00","VisualLineNumber":24,"TextType":"Unknown"}]}]},{"IndexInText":341,"Language":"nld","Length":5,"Rotation":"None","SkewAngle":-0.1,"Type":"Paragraph","WordGroups":[{"IndexInText":341,"Length":5,"Type":"Other","Words":[{"Box":[176.0,458.0,57.0,20.0],"Polygon":[458.0,176.0,515.0,176.0,515.0,196.0,458.0,196.0],"IndexInText":341,"OcrConfidence":1.0,"Text":"Total","VisualLineNumber":6,"TextType":"Unknown"}]}]},{"IndexInText":348,"Language":"tur","Length":10,"Rotation":"None","SkewAngle":-0.1,"Type":"Paragraph","WordGroups":[{"IndexInText":348,"Length":10,"Type":"Other","Words":[{"Box":[249.0,439.0,54.0,20.0],"Polygon":[439.0,249.0,493.0,249.0,493.0,269.0,439.0,269.0],"IndexInText":348,"OcrConfidence":1.0,"Text":"85.00","VisualLineNumber":9,"TextType":"Unknown"},{"Box":[298.0,435.0,43.0,20.0],"Polygon":[435.0,298.0,478.0,298.0,478.0,318.0,435.0,318.0],"IndexInText":354,"OcrConfidence":1.0,"Text":"5.00","VisualLineNumber":12,"TextType":"Unknown"}]}]},{"IndexInText":360,"Language":"eng","Length":24,"Rotation":"None","SkewAngle":-0.1,"Type":"Paragraph","WordGroups":[{"IndexInText":360,"Length":24,"Type":"Other","Words":[{"Box":[669.0,178.0,62.0,20.0],"Polygon":[178.0,669.0,240.0,669.0,240.0,689.0,178.0,689.0],"IndexInText":360,"OcrConfidence":1.0,"Text":"STAY","VisualLineNumber":26,"TextType":"Unknown"},{"Box":[666.0,253.0,62.0,22.0],"Polygon":[253.0,666.0,315.0,666.0,315.0,688.0,253.0,688.0],"IndexInText":365,"OcrConfidence":1.0,"Text":"HOME","VisualLineNumber":26,"TextType":"Unknown"},{"Box":[664.0,325.0,50.0,21.0],"Polygon":[325.0,664.0,375.0,664.0,375.0,685.0,325.0,685.0],"IndexInText":370,"OcrConfidence":1.0,"Text":"AND","VisualLineNumber":26,"TextType":"Unknown"},{"Box":[661.0,388.0,61.0,21.0],"Polygon":[388.0,661.0,449.0,661.0,449.0,682.0,388.0,682.0],"IndexInText":374,"OcrConfidence":1.0,"Text":"STAY","VisualLineNumber":26,"TextType":"Unknown"},{"Box":[665.0,463.0,77.0,22.0],"Polygon":[463.0,665.0,540.0,665.0,540.0,687.0,463.0,687.0],"IndexInText":379,"OcrConfidence":1.0,"Text":"SAFE*","VisualLineNumber":26,"TextType":"Unknown"}]}]}],"ProcessingSource":"Ocr","IndexInText":0,"TextLength":384,"SkewAngle":-0.1,"PageMetadata":[{"Key":"ImageHash","Value":"08ac9254d121dacac1bb2c68a4a49520"},{"Key":"OcrConfidence","Value":"0.98999995"}]}],"DocumentMetadata":[{"Key":"CommitSHA","Value":null},{"Key":"ReleaseVersion","Value":null},{"Key":"OcrConfidence","Value":"0.98999995"}]}