{
  "Workflows": [
    {
      "Path": null,
      "SortBy": 0,
      "VariablesSectionElementsOrder": [],
      "ArgumentsSectionElementsOrder": null,
      "ConstantsSectionElementsOrder": [],
      "AddedNamespaces": null
    },
    {
      "Path": "Main.xaml",
      "SortBy": 0,
      "VariablesSectionElementsOrder": [
        "DT1&Sequence_1",
        "out_DataSet&Sequence_2",
        "extractedResults_DataExtraction&Sequence_2",
        "extractedResults&Sequence_2",
        "classification_Results&Sequence_2",
        "DOM&Sequence_2",
        "digiText&Sequence_2",
        "Taxonomy&Sequence_2",
        "filePaths&Sequence_1"
      ],
      "ArgumentsSectionElementsOrder": [],
      "ConstantsSectionElementsOrder": [],
      "AddedNamespaces": null
    }
  ]
}