{
  "Workflows": [
    {
      "Path": null,
      "SortBy": 0,
      "VariablesSectionElementsOrder": [],
      "ArgumentsSectionElementsOrder": null,
      "ConstantsSectionElementsOrder": [],
      "AddedNamespaces": null
    },
    {
      "Path": "Main.xaml",
      "SortBy": 0,
      "VariablesSectionElementsOrder": [
        "out_data_table&Sequence_2",
        "out_Data&Sequence_1",
        "dataSet&Sequence_1",
        "validateExtractedResult&Sequence_1",
        "extractionResults&Sequence_1",
        "classificationResults&Sequence_1",
        "docPath&Sequence_1",
        "Taxonomy&Sequence_1",
        "DigitalText&Sequence_1",
        "DOM&Sequence_1"
      ],
      "ArgumentsSectionElementsOrder": [],
      "ConstantsSectionElementsOrder": [],
      "AddedNamespaces": null
    }
  ]
}