{"DocumentId":"Invoice 873101","ContentType":"application/pdf","Length":482,"Pages":[{"PageIndex":0,"Size":[0.0,0.0,612.0,792.0],"Sections":[{"IndexInText":0,"Language":"eng","Length":22,"Rotation":"None","SkewAngle":0.0,"Type":"Paragraph","WordGroups":[{"IndexInText":0,"Length":22,"Type":"Other","Words":[{"Box":[37.0,445.1,42.95,14.23],"Polygon":[445.1,37.0,488.05,37.0,488.05,51.22,445.1,51.22],"IndexInText":0,"OcrConfidence":1.0,"Text":"ExpoHub","VisualLineNumber":0,"TextType":"Unknown"},{"Box":[37.0,505.89,40.07,14.23],"Polygon":[505.89,37.0,545.96,37.0,545.96,51.22,505.89,51.22],"IndexInText":8,"OcrConfidence":1.0,"Text":"expohub","VisualLineNumber":0,"TextType":"Unknown"},{"Box":[37.0,548.85,26.11,14.23],"Polygon":[548.85,37.0,574.96,37.0,574.96,51.22,548.85,51.22],"IndexInText":16,"OcrConfidence":1.0,"Text":"street","VisualLineNumber":0,"TextType":"Unknown"}]}]},{"IndexInText":24,"Language":"tur","Length":9,"Rotation":"None","SkewAngle":0.0,"Type":"Header","WordGroups":[{"IndexInText":24,"Length":9,"Type":"Other","Words":[{"Box":[50.43,435.78,52.27,14.23],"Polygon":[435.78,50.43,488.06,50.43,488.06,64.65,435.78,64.65],"IndexInText":24,"OcrConfidence":1.0,"Text":"123456789","VisualLineNumber":1,"TextType":"Unknown"}]}]},{"IndexInText":35,"Language":"mar","Length":16,"Rotation":"None","SkewAngle":0.0,"Type":"Paragraph","WordGroups":[{"IndexInText":35,"Length":16,"Type":"Other","Words":[{"Box":[50.43,553.51,21.46,14.23],"Polygon":[553.51,50.43,574.97,50.43,574.97,64.65,553.51,64.65],"IndexInText":35,"OcrConfidence":1.0,"Text":"ABC","VisualLineNumber":1,"TextType":"Unknown"},{"Box":[63.86,540.14,34.85,14.23],"Polygon":[540.14,63.86,574.99,63.86,574.99,78.08,540.14,78.08],"IndexInText":39,"OcrConfidence":1.0,"Text":"123456","VisualLineNumber":2,"TextType":"Unknown"},{"Box":[77.29,552.35,22.64,14.23],"Polygon":[552.35,77.29,574.98,77.29,574.98,91.51,552.35,91.51],"IndexInText":46,"OcrConfidence":1.0,"Text":"India","VisualLineNumber":3,"TextType":"Unknown"}]}]},{"IndexInText":53,"Language":"eng","Length":14,"Rotation":"None","SkewAngle":-0.2,"Type":"Paragraph","WordGroups":[{"IndexInText":53,"Length":14,"Type":"Other","Words":[{"Box":[97.18,73.66,78.93,20.53],"Polygon":[73.66,97.18,152.6,97.18,152.6,117.72,73.66,117.72],"IndexInText":53,"OcrConfidence":1.0,"Text":"UIPATH","VisualLineNumber":4,"TextType":"Unknown"},{"Box":[119.05,61.93,102.4,20.0],"Polygon":[61.93,119.05,164.33,119.05,164.33,139.05,61.93,139.05],"IndexInText":60,"OcrConfidence":0.91999996,"Text":"EXPOHUB","VisualLineNumber":5,"TextType":"Unknown"}]}]},{"IndexInText":69,"Language":"eng","Length":23,"Rotation":"None","SkewAngle":0.0,"Type":"Paragraph","WordGroups":[{"IndexInText":69,"Length":23,"Type":"Sentence","Words":[{"Box":[223.54,37.76,25.53,14.23],"Polygon":[37.76,223.54,63.29,223.54,63.29,237.76,37.76,237.76],"IndexInText":69,"OcrConfidence":1.0,"Text":"Billed","VisualLineNumber":6,"TextType":"Unknown"},{"Box":[223.54,66.18,11.06,14.23],"Polygon":[66.18,223.54,77.24,223.54,77.24,237.76,66.18,237.76],"IndexInText":76,"OcrConfidence":1.0,"Text":"To","VisualLineNumber":6,"TextType":"Unknown"},{"Box":[236.97,37.76,36.0,14.23],"Polygon":[37.76,236.97,73.76,236.97,73.76,251.19,37.76,251.19],"IndexInText":79,"OcrConfidence":1.0,"Text":"Nagesh","VisualLineNumber":7,"TextType":"Unknown"},{"Box":[236.97,76.65,32.33,14.23],"Polygon":[76.65,236.97,108.98,236.97,108.98,251.19,76.65,251.19],"IndexInText":86,"OcrConfidence":1.0,"Text":"Reddy.","VisualLineNumber":7,"TextType":"Unknown"}]}]},{"IndexInText":94,"Language":"eng","Length":34,"Rotation":"None","SkewAngle":0.0,"Type":"Paragraph","WordGroups":[{"IndexInText":94,"Length":34,"Type":"Heading","Words":[{"Box":[357.1,37.76,52.23,14.23],"Polygon":[37.76,357.1,89.99,357.1,89.99,371.32,37.76,371.32],"IndexInText":94,"OcrConfidence":1.0,"Text":"Description","VisualLineNumber":10,"TextType":"Unknown"},{"Box":[385.45,37.76,33.67,14.23],"Polygon":[37.76,385.45,71.43,385.45,71.43,399.68,37.76,399.68],"IndexInText":106,"OcrConfidence":1.0,"Text":"Shared","VisualLineNumber":11,"TextType":"Unknown"},{"Box":[385.45,74.32,35.4,14.23],"Polygon":[74.32,385.45,109.72,385.45,109.72,399.68,74.32,399.68],"IndexInText":113,"OcrConfidence":1.0,"Text":"Hosting","VisualLineNumber":11,"TextType":"Unknown"},{"Box":[414.55,37.76,38.31,14.23],"Polygon":[37.76,414.55,76.06,414.55,76.06,428.78,37.76,428.78],"IndexInText":121,"OcrConfidence":1.0,"Text":"LateFee","VisualLineNumber":12,"TextType":"Unknown"}]}]},{"IndexInText":130,"Language":"eng","Length":24,"Rotation":"None","SkewAngle":0.0,"Type":"Paragraph","WordGroups":[{"IndexInText":130,"Length":24,"Type":"Other","Words":[{"Box":[223.54,200.42,22.05,14.23],"Polygon":[200.42,223.54,222.47,223.54,222.47,237.76,200.42,237.76],"IndexInText":130,"OcrConfidence":1.0,"Text":"Date","VisualLineNumber":6,"TextType":"Unknown"},{"Box":[223.54,225.36,8.7,14.23],"Polygon":[225.36,223.54,234.07,223.54,234.07,237.76,225.36,237.76],"IndexInText":135,"OcrConfidence":1.0,"Text":"of","VisualLineNumber":6,"TextType":"Unknown"},{"Box":[223.54,236.96,24.96,14.23],"Polygon":[236.96,223.54,261.92,223.54,261.92,237.76,236.96,237.76],"IndexInText":138,"OcrConfidence":1.0,"Text":"Issue","VisualLineNumber":6,"TextType":"Unknown"},{"Box":[236.97,200.42,52.25,14.23],"Polygon":[200.42,236.97,252.67,236.97,252.67,251.19,200.42,251.19],"IndexInText":144,"OcrConfidence":1.0,"Text":"22/04/2020","VisualLineNumber":7,"TextType":"Unknown"}]}]},{"IndexInText":156,"Language":"ita","Length":19,"Rotation":"None","SkewAngle":0.0,"Type":"Paragraph","WordGroups":[{"IndexInText":156,"Length":19,"Type":"Other","Words":[{"Box":[269.05,200.42,19.16,14.23],"Polygon":[200.42,269.05,219.58,269.05,219.58,283.28,200.42,283.28],"IndexInText":156,"OcrConfidence":1.0,"Text":"Due","VisualLineNumber":8,"TextType":"Unknown"},{"Box":[269.05,222.47,22.05,14.23],"Polygon":[222.47,269.05,244.52,269.05,244.52,283.28,222.47,283.28],"IndexInText":160,"OcrConfidence":1.0,"Text":"Date","VisualLineNumber":8,"TextType":"Unknown"},{"Box":[282.48,200.42,52.25,14.23],"Polygon":[200.42,282.48,252.67,282.48,252.67,296.71,200.42,296.71],"IndexInText":165,"OcrConfidence":1.0,"Text":"22/05/2020","VisualLineNumber":9,"TextType":"Unknown"}]}]},{"IndexInText":177,"Language":"eng","Length":22,"Rotation":"None","SkewAngle":0.0,"Type":"Paragraph","WordGroups":[{"IndexInText":177,"Length":22,"Type":"Other","Words":[{"Box":[223.54,312.34,33.08,14.23],"Polygon":[312.34,223.54,345.43,223.54,345.43,237.76,312.34,237.76],"IndexInText":177,"OcrConfidence":1.0,"Text":"Invoice","VisualLineNumber":6,"TextType":"Unknown"},{"Box":[223.54,348.32,37.15,14.23],"Polygon":[348.32,223.54,385.47,223.54,385.47,237.76,348.32,237.76],"IndexInText":185,"OcrConfidence":1.0,"Text":"Number","VisualLineNumber":6,"TextType":"Unknown"},{"Box":[236.97,312.34,37.74,14.23],"Polygon":[312.34,236.97,350.08,236.97,350.08,251.19,312.34,251.19],"IndexInText":192,"OcrConfidence":1.0,"Text":"873101.","VisualLineNumber":7,"TextType":"Unknown"}]}]},{"IndexInText":201,"Language":"eng","Length":35,"Rotation":"None","SkewAngle":0.0,"Type":"Paragraph","WordGroups":[{"IndexInText":201,"Length":35,"Type":"Other","Words":[{"Box":[357.1,400.71,22.05,14.23],"Polygon":[400.71,357.1,422.77,357.1,422.77,371.32,400.71,371.32],"IndexInText":201,"OcrConfidence":1.0,"Text":"Rate","VisualLineNumber":10,"TextType":"Unknown"},{"Box":[385.45,360.63,62.1,14.23],"Polygon":[360.63,385.45,422.73,385.45,422.73,399.68,360.63,399.68],"IndexInText":206,"OcrConfidence":1.0,"Text":"Rs.25,878.00","VisualLineNumber":11,"TextType":"Unknown"},{"Box":[414.55,375.16,47.59,14.23],"Polygon":[375.16,414.55,422.75,414.55,422.75,428.78,375.16,428.78],"IndexInText":219,"OcrConfidence":1.0,"Text":"Rs.300.00","VisualLineNumber":12,"TextType":"Unknown"},{"Box":[443.65,386.78,35.98,14.23],"Polygon":[386.78,443.65,422.76,443.65,422.76,457.88,386.78,457.88],"IndexInText":229,"OcrConfidence":1.0,"Text":"Rs.0.00","VisualLineNumber":13,"TextType":"Unknown"}]}]},{"IndexInText":238,"Language":"ita","Length":16,"Rotation":"None","SkewAngle":0.0,"Type":"Paragraph","WordGroups":[{"IndexInText":238,"Length":16,"Type":"Other","Words":[{"Box":[223.54,489.09,35.98,14.23],"Polygon":[489.09,223.54,525.06,223.54,525.06,237.76,489.09,237.76],"IndexInText":238,"OcrConfidence":1.0,"Text":"Amount","VisualLineNumber":6,"TextType":"Unknown"},{"Box":[223.54,527.96,19.16,14.23],"Polygon":[527.96,223.54,547.12,223.54,547.12,237.76,527.96,237.76],"IndexInText":245,"OcrConfidence":1.0,"Text":"Due","VisualLineNumber":6,"TextType":"Unknown"},{"Box":[223.54,550.04,24.95,14.23],"Polygon":[550.04,223.54,574.99,223.54,574.99,237.76,550.04,237.76],"IndexInText":249,"OcrConfidence":1.0,"Text":"(INR)","VisualLineNumber":6,"TextType":"Unknown"}]}]},{"IndexInText":256,"Language":"fra","Length":12,"Rotation":"None","SkewAngle":0.0,"Type":"Paragraph","WordGroups":[{"IndexInText":256,"Length":12,"Type":"Other","Words":[{"Box":[238.37,469.57,105.42,24.14],"Polygon":[469.57,238.37,574.99,238.37,574.99,262.51,469.57,262.51],"IndexInText":256,"OcrConfidence":1.0,"Text":"Rs.26,178.00","VisualLineNumber":7,"TextType":"Unknown"}]}]},{"IndexInText":270,"Language":"eng","Length":51,"Rotation":"None","SkewAngle":0.0,"Type":"Paragraph","WordGroups":[{"IndexInText":270,"Length":51,"Type":"Other","Words":[{"Box":[357.1,481.15,16.23,14.23],"Polygon":[481.15,357.1,497.38,357.1,497.38,371.32,481.15,371.32],"IndexInText":270,"OcrConfidence":1.0,"Text":"Qty","VisualLineNumber":10,"TextType":"Unknown"},{"Box":[357.1,530.28,19.74,14.23],"Polygon":[530.28,357.1,550.02,357.1,550.02,371.32,530.28,371.32],"IndexInText":274,"OcrConfidence":1.0,"Text":"Line","VisualLineNumber":10,"TextType":"Unknown"},{"Box":[357.1,552.91,22.07,14.23],"Polygon":[552.91,357.1,574.98,357.1,574.98,371.32,552.91,371.32],"IndexInText":279,"OcrConfidence":1.0,"Text":"Total","VisualLineNumber":10,"TextType":"Unknown"},{"Box":[385.45,491.58,5.81,14.23],"Polygon":[491.58,385.45,497.39,385.45,497.39,399.68,491.58,399.68],"IndexInText":285,"OcrConfidence":1.0,"Text":"1","VisualLineNumber":11,"TextType":"Unknown"},{"Box":[385.45,512.85,62.1,14.23],"Polygon":[512.85,385.45,574.95,385.45,574.95,399.68,512.85,399.68],"IndexInText":287,"OcrConfidence":1.0,"Text":"Rs.25,878.00","VisualLineNumber":11,"TextType":"Unknown"},{"Box":[414.55,491.58,5.81,14.23],"Polygon":[491.58,414.55,497.39,414.55,497.39,428.78,491.58,428.78],"IndexInText":300,"OcrConfidence":1.0,"Text":"1","VisualLineNumber":12,"TextType":"Unknown"},{"Box":[414.55,527.37,47.59,14.23],"Polygon":[527.37,414.55,574.97,414.55,574.97,428.78,527.37,428.78],"IndexInText":302,"OcrConfidence":1.0,"Text":"Rs.300.00","VisualLineNumber":12,"TextType":"Unknown"},{"Box":[443.65,491.58,5.81,14.23],"Polygon":[491.58,443.65,497.39,443.65,497.39,457.88,491.58,457.88],"IndexInText":312,"OcrConfidence":1.0,"Text":"1","VisualLineNumber":13,"TextType":"Unknown"},{"Box":[443.65,539.0,35.98,14.23],"Polygon":[539.0,443.65,574.97,443.65,574.97,457.88,539.0,457.88],"IndexInText":314,"OcrConfidence":1.0,"Text":"Rs.0.00","VisualLineNumber":13,"TextType":"Unknown"}]}]},{"IndexInText":323,"Language":"eng","Length":159,"Rotation":"None","SkewAngle":0.0,"Type":"Table","WordGroups":[{"IndexInText":323,"Length":8,"Type":"TableCell","Words":[{"Box":[491.4,420.27,38.3,14.23],"Polygon":[420.27,491.4,458.56,491.4,458.56,505.63,420.27,505.63],"IndexInText":323,"OcrConfidence":1.0,"Text":"Subtotal","VisualLineNumber":14,"TextType":"Unknown"}]},{"IndexInText":342,"Length":9,"Type":"TableRowEnd","Words":[{"Box":[491.4,528.52,46.44,14.23],"Polygon":[528.52,491.4,574.96,491.4,574.96,505.63,528.52,505.63],"IndexInText":342,"OcrConfidence":1.0,"Text":"26,178.00","VisualLineNumber":14,"TextType":"Unknown"}]},{"IndexInText":355,"Length":3,"Type":"TableCell","Words":[{"Box":[509.31,442.34,16.25,14.23],"Polygon":[442.34,509.31,458.59,509.31,458.59,523.54,442.34,523.54],"IndexInText":355,"OcrConfidence":1.0,"Text":"Tax","VisualLineNumber":15,"TextType":"Unknown"}]},{"IndexInText":374,"Length":4,"Type":"TableRowEnd","Words":[{"Box":[509.31,554.67,20.32,14.23],"Polygon":[554.67,509.31,574.99,509.31,574.99,523.54,554.67,523.54],"IndexInText":374,"OcrConfidence":1.0,"Text":"0.00","VisualLineNumber":15,"TextType":"Unknown"}]},{"IndexInText":387,"Length":5,"Type":"TableCell","Words":[{"Box":[538.41,436.53,22.05,14.23],"Polygon":[436.53,538.41,458.58,538.41,458.58,552.64,436.53,552.64],"IndexInText":387,"OcrConfidence":1.0,"Text":"Total","VisualLineNumber":16,"TextType":"Unknown"}]},{"IndexInText":406,"Length":9,"Type":"TableRowEnd","Words":[{"Box":[538.41,528.52,46.44,14.23],"Polygon":[528.52,538.41,574.96,538.41,574.96,552.64,528.52,552.64],"IndexInText":406,"OcrConfidence":1.0,"Text":"26,178.00","VisualLineNumber":16,"TextType":"Unknown"}]},{"IndexInText":419,"Length":11,"Type":"TableCell","Words":[{"Box":[551.84,398.78,35.98,14.23],"Polygon":[398.78,551.84,434.76,551.84,434.76,566.07,398.78,566.07],"IndexInText":419,"OcrConfidence":1.0,"Text":"Amount","VisualLineNumber":17,"TextType":"Unknown"},{"Box":[551.84,437.65,20.89,14.23],"Polygon":[437.65,551.84,458.54,551.84,458.54,566.07,437.65,566.07],"IndexInText":426,"OcrConfidence":1.0,"Text":"Paid","VisualLineNumber":17,"TextType":"Unknown"}]},{"IndexInText":438,"Length":4,"Type":"TableRowEnd","Words":[{"Box":[551.84,554.67,20.32,14.23],"Polygon":[554.67,551.84,574.99,551.84,574.99,566.07,554.67,566.07],"IndexInText":438,"OcrConfidence":1.0,"Text":"0.00","VisualLineNumber":17,"TextType":"Unknown"}]},{"IndexInText":451,"Length":16,"Type":"TableCell","Words":[{"Box":[580.94,372.69,35.98,14.23],"Polygon":[372.69,580.94,408.66,580.94,408.66,595.17,372.69,595.17],"IndexInText":451,"OcrConfidence":1.0,"Text":"Amount","VisualLineNumber":18,"TextType":"Unknown"},{"Box":[580.94,411.56,19.16,14.23],"Polygon":[411.56,580.94,430.72,580.94,430.72,595.17,411.56,595.17],"IndexInText":458,"OcrConfidence":1.0,"Text":"Due","VisualLineNumber":18,"TextType":"Unknown"},{"Box":[580.94,433.64,24.95,14.23],"Polygon":[433.64,580.94,458.59,580.94,458.59,595.17,433.64,595.17],"IndexInText":462,"OcrConfidence":1.0,"Text":"(INR)","VisualLineNumber":18,"TextType":"Unknown"}]},{"IndexInText":470,"Length":12,"Type":"TableRowEnd","Words":[{"Box":[580.94,512.85,62.1,14.23],"Polygon":[512.85,580.94,574.95,580.94,574.95,595.17,512.85,595.17],"IndexInText":470,"OcrConfidence":1.0,"Text":"Rs.26,178.00","VisualLineNumber":18,"TextType":"Unknown"}]}]}],"ProcessingSource":"PdfAndOcr","IndexInText":0,"TextLength":482,"SkewAngle":0.0,"PageMetadata":[{"Key":"ImageHash","Value":"24c59190ff752d0acb93de43888d7ed5"},{"Key":"OcrConfidence","Value":"0.98"}]}],"DocumentMetadata":[{"Key":"CommitSHA","Value":null},{"Key":"ReleaseVersion","Value":null},{"Key":"OcrConfidence","Value":"0.98"}]}